{"supplytype":"Outward","subsupplytype":"Supply Sales","doctype":"Bill of Supply","tranmode":"Road","unit":"Pack","date":"2019-05-08T00:00:00.000Z","createdAt":"2019-05-08T11:14:29.000Z","updatedAt":"2019-05-08T12:40:25.000Z","hub":{"hubsid":1,"name":"Ernakulam","address1":"address1","address2":"address2","status":"1","createdAt":"2019-05-03T11:12:12.000Z","updatedAt":"2019-05-03T11:12:12.000Z"},"van":{"vansid":5,"crmid_vans":"0005","crmid_routes":"0039","routesid":5,"name":"DOSTH               ","regno":"KL07 CP 2490","status":"1","createdAt":"2019-05-03T09:12:44.000Z","updatedAt":"2019-05-03T09:12:44.000Z","route":{"routesid":5,"crmid_routes":"0039","hubsid":null,"name":"CITY THEVARA","status":"1","createdAt":"2019-05-03T09:11:59.000Z","updatedAt":"2019-05-03T09:11:59.000Z","hub":null}}}